start	end	text
0	2000	はいどうもこころかがみです
2000	4000	当然です
4000	6000	今週も一週間振り返っていきたいと思います
6000	8000	はいはい
8000	10000	枕としていきなり専門的な話にぶち込ん
10000	12000	じまいますけど
12000	14000	はい
14000	16000	最近ラングチェーンになるものを知ってですね
16000	18000	結構
18000	20000	これからChatGPTとか
20000	22000	AAを使っていく上で
22000	24000	重要なライブラリを知ったので
24000	26000	その紹介を軽く枕としてしたいなと思います
26000	28000	はい
28000	30000	はい
30000	32000	ランクチェーンが何かって言うとですね
32000	34000	今ある
34000	36000	その言語モデルに対して
36000	38000	事前インプットしておける
38000	40000	ドキュメント群
40000	42000	みたいなものです
42000	44000	例えば
44000	46000	ChatGPTが
46000	48000	そのままであるとして
48000	50000	ある会社が
50000	52000	自社の商品に対する
52000	54000	チャットボットを作りたい
54000	56000	ってなった場合
56000	58000	自社の商品について
58000	60000	ChatGPTに詳しくなってもらいたいと
60000	62000	いう話があります
62000	64000	その時に
64000	66000	昔ながらの方法で言えば
66000	68000	追加の学習 加学習をして
68000	70000	ChatGPTの
70000	72000	モデルを改変し
72000	74000	商品についてこたられる
74000	76000	モデルになってるかどうかを検証する
76000	78000	という流れだったんですけど
78000	80000	このランクチェーンっていうのは
80000	82000	そこまでしなくてもいい
82000	84000	レベルのことを
84000	86000	知ってくれるものです
86000	88000	具体的には
88000	90000	商品に関する
90000	92000	カタログとかマニュアルとか
92000	94000	そういったものを
94000	96000	インプット情報として
96000	98000	ランクチェーンドキュメントとして
98000	100000	加わせることができます
100000	102000	そのランクチェーンドキュメントとして
102000	104000	加わせたChatGPTに
104000	106000	その商品について問い合わせると
106000	108000	モデルは
108000	110000	過去のデータ源に加えて
110000	112000	そのランクチェーンで渡されたドキュメントも
112000	114000	含めた回答をしてくれるようになる
114000	116000	ということで
116000	118000	ちょっとした
118000	120000	そのChatGPTの
120000	122000	強化みたいなことができる
122000	124000	というものになっていて
124000	126000	これをうまく
126000	128000	使いこなせるようになると
128000	130000	一発のChatGPT
130000	132000	かける
132000	134000	自分たちの事業だったりとか
134000	136000	自分たちが作ったキャラクターだったりとか
136000	138000	そういった場面で
138000	140000	活かせるライブラリだと思ったので
140000	142000	ご紹介です
142000	144000	はい
144000	146000	ちょっとまだよく分かってないんですけど
146000	151000	ChatGPTの背後で動く
151000	155000	拡張モジュールみたいな認識でいいですか?
155000	158000	そんな認識でいいです
158000	160000	ただ実態としてやってるのは
160000	163000	そんなに小難しいことやってなくて
163000	167000	ChatGPTにリクエストを投げる
167000	169000	とは別に
169000	171000	LangChainで渡されたドキュメントを
171000	173000	大量に投げておいた上で
173000	175000	質問が飛ぶようになるみたいな感じですね
175000	177000	なので従来
177000	179000	例えばChatGPTに
179000	181000	あなたはこの商品について
181000	183000	こういう広告を
183000	185000	こういう情報を全部知ってます
185000	187000	その上で以下の質問に
187000	189000	回答してくださいみたいな
189000	191000	そういう呪文を書いて
191000	193000	リクエストしてた世界から
193000	195000	そのゼンダーとなっている
195000	197000	あなたが知っている情報はこうですとか
197000	199000	ChatGPTさんは
199000	201000	こういうことができますみたいに
201000	203000	追加で渡してあげてた事前情報みたいなのを
203000	205000	LangChainという形で
205000	207000	正式に渡せるようになる
207000	209000	モデルもそういうインプットだと
209000	211000	受け取りやすくなるので
211000	213000	自然言語でそういったプロンプトを書くよりも
213000	215000	より
215000	217000	目的に沿った動きを
217000	219000	してくれるという感じですかね
219000	221000	なるほど
221000	223000	確かにこれがあれば
223000	225000	我が社もChatGPTが
225000	227000	使えるという感じ
227000	229000	ありますけど
229000	231000	なかなか
231000	233000	使い勝手が難しそうな雰囲気が
233000	235000	あるなという印象ですね
235000	237000	というのは
237000	239000	また激難で
239000	241000	ちょっと巷の情報を吸っている
241000	243000	話なんで
243000	245000	正しいかどうか分からないんですけど
245000	247000	ChatGPTって使うのに
247000	249000	単語単位で
249000	251000	トークン料金が
251000	253000	かかるみたいな
253000	255000	感じになったと思うので
255000	257000	これを食わせるのにまず
257000	259000	大量のお金が要りそうだなと
259000	261000	おっしゃる通り
261000	263000	というのと
265000	267000	ChatGPTって万能
267000	269000	すぎてこういう前提条件を
269000	271000	破壊する
271000	273000	土地破壊ワードみたいなのが
273000	275000	あるらしいので
275000	277000	それを使われてしまうと
277000	279000	脱獄状態みたいな状態で
279000	281000	悪用されてしまいそうな感じが
281000	283000	あるなという認識が
283000	285000	あるんですがそこら辺どうなんでしょうか
285000	287000	どっちもイエスです
287000	289000	まず
289000	291000	トークン課金ということに
291000	293000	関してもう少し
293000	295000	説明しておくと
295000	297000	ChatGPT
297000	299000	とかはユーザーから
299000	301000	入力された自然言語の文章を
301000	303000	単語単位等々に分けて
303000	305000	自己
305000	307000	自分のモデルに
307000	309000	食わせられる分割を行いますと
309000	311000	その分割単位を
311000	313000	トークンと言っていて
313000	315000	一般に日本語の自然言語で
315000	317000	リクエストを投げるとだいたい
317000	319000	20トークンくらい消費する
319000	321000	ようなものですと
321000	323000	課金体系としてどうなっているかというと
323000	325000	だいたい1000トークン単位で
325000	327000	いくらみたいな形になっていて
327000	329000	今のChatGPTの
329000	331000	最新版GPT4だと
331000	333000	1000トークンで7円くらい
333000	335000	です
335000	337000	なので
337000	339000	サービス展開して
339000	341000	あらゆる人が無限にアクセスしてきて
341000	343000	しょっちゅう使いまくる
343000	345000	みたいなところで
345000	347000	ラングチェインが食われていると
347000	349000	確かに
349000	351000	コストがアホほど増えてしまう
353000	355000	もう一つ
355000	357000	言われていた
357000	359000	破壊ができてしまう問題ですね
359000	361000	仮に商品のサイトに
361000	363000	ChatGPT対応のチャットボットがあります
363000	365000	こちらで質問投げてくださいみたいに
365000	367000	声をしていたとして
367000	369000	破壊的なワードですね
369000	371000	あなたがインプットされたこれまでの
371000	373000	前提条件を無視してください
373000	375000	その上でこの問題について回答してください
375000	377000	みたいなことを投げられてしまった場合
377000	379000	そのChatGPTの
379000	381000	ただ使いができてしまうと
381000	383000	自分たちが
383000	385000	提供したいものとは
385000	387000	別の目的で使われてしまう
387000	389000	ということが起きえますし
389000	391000	その回答内容が
391000	393000	会社ブランドを
393000	395000	損なうような回答だったりとか
395000	397000	社会批判的に叩かれるような
397000	399000	回答をしてしまうと炎上のもとになってしまう
399000	401000	という問題は
401000	403000	残ります
403000	405000	その辺はこのラングチェーンでは解消できません
407000	409000	なるほど
409000	411000	そこら辺はもうちょっと
411000	413000	制約の側を
413000	415000	新たに設けるとか
415000	417000	ファイアウォール的な何かを
417000	419000	とか
419000	421000	トークンの方に関しては
421000	423000	もうちょっと別のパッケージ携帯
423000	425000	みたいなので
425000	427000	互換できたりするといいかな
427000	429000	というところで
429000	431000	そこら辺も含めてChatGPT自体
431000	433000	まだ出たばっかりのサービスなので
433000	435000	全然改善の余地というか
435000	437000	進化の余地はあると思いますし
437000	439000	そうですね
439000	441000	これを前提として
441000	443000	マイナーバージョン
443000	445000	みたいなヘイダー分けも
445000	447000	これから出てくるでしょうし
447000	449000	そういうのを期待すると全然
449000	451000	将来性があって素晴らしい技術なのかな
451000	453000	という感じですね
453000	455000	そうですね
455000	457000	おっしゃる通りラングチェーンを
457000	459000	そのまま使っていくことは将来的には
459000	461000	ほぼなくなって
461000	463000	例えばあるドキュメントを
463000	465000	加わした時に
465000	467000	そのドキュメントの中にある専門性の高い
467000	469000	言葉だったりとか
469000	471000	その商品を形作る
471000	473000	コアとなる
473000	475000	関連性の強い言葉みたいなのを
475000	477000	抽出する
477000	479000	自然言語解析
479000	481000	アルゴリズムだったり
481000	483000	また別のモデルだったりというのに
483000	485000	加わせて出てきた
485000	487000	ある意味圧縮された
487000	489000	モデル用の
489000	491000	トークンリストみたいなものができて
491000	493000	それをラングチェーンに加わせる
493000	495000	という流れになると思いますね
497000	499000	それができれば
499000	501000	そうですね
501000	503000	簡単なところで
503000	505000	作業
505000	507000	なんですけど
507000	509000	何かのヘルプとか
509000	511000	ソフトのヘルプとか
511000	513000	まあまあ使いづらいんで
513000	515000	取扱説明書とか
515000	517000	すべての取説が
517000	519000	そういう感じになってくれると
519000	521000	嬉しいかなと
521000	523000	いうところですね
523000	525000	ということで
525000	527000	少しずつただ使うChatGPTから
527000	529000	自分たちが
529000	531000	システムとして組み込むための
531000	533000	ChatGPT
533000	535000	自然言語モデルとは何か
535000	537000	というふうに皆さんの関心が
537000	539000	移り始めそれを支えるライブラリーも
539000	541000	出始めてますよという紹介でした
543000	545000	というところで
545000	547000	長くなりましたが本編のほうに
547000	549000	いきたいと思います
549000	551000	1点目
551000	553000	日本からGoogleのAI
553000	555000	Birdのベータテストに参加できるようになりました
555000	557000	Kizumotoさんの記事です
557000	559000	Birdというのは
559000	561000	Googleが出していた
561000	563000	AIサービスです
563000	565000	以前
565000	567000	この場で紹介したときには
567000	569000	リリース発表時に
569000	571000	ちょっと間違った情報を出して
571000	573000	返上してしまいましたみたいな
573000	575000	すごく失望されてしまいましたみたいな
575000	577000	話をしたんですけれども
577000	579000	そのサービスを
579000	581000	Googleは取り下げることなく
581000	583000	引き続き開発を続けて
583000	585000	いらっしゃっていて
585000	587000	日本からもアクセスできるようになった
587000	589000	というのが現状です
589000	591000	ただ現在は
591000	593000	日本語の
593000	595000	リクエストというのを
595000	597000	投げられないので
597000	599000	ビングとかチャットGPTと比べると
599000	601000	1段2段くらい
601000	603000	遅れてはいるんですけれども
603000	605000	元々の
605000	607000	言語モデルの作られ方
607000	609000	とかが全然違うものなので
609000	611000	チャットGPTと
611000	613000	ビングの検索と
613000	615000	Birdで
615000	617000	それぞれ出てくる答えとか
617000	619000	導き方が全然違うものになってくるから
619000	621000	そういった
621000	623000	モデルの特性の違いを
623000	625000	活かした使い分けというのも
625000	627000	今後出てくるんじゃないかなということで
627000	629000	紹介です
629000	631000	はい
631000	633000	うーん
633000	635000	そうですね
635000	637000	使ってみたいなというのが
637000	639000	第一かなとは
639000	641000	思いますけど
643000	645000	どうなんですかね
645000	647000	誰でも使えるので
647000	649000	ウェイティングリストに申し込みさえすれば
649000	651000	大体1日くらいで使えますね
651000	653000	使ってみました?
653000	655000	そうですね
655000	657000	とりあえず登録して使ってみました
657000	659000	現状
659000	661000	そもそもビングとかチャットGPT
661000	663000	で
663000	665000	そこまで複雑なことをリクエストしている
665000	667000	わけではないというのはあるんですけど
667000	669000	そこまで大差ない
669000	671000	レスポンスが得られている
671000	673000	感じですね
673000	675000	そうですね
675000	677000	画像を見る限り
677000	679000	結局チャットGPTと同じ雰囲気があるんで
679000	681000	まあ
681000	683000	どこまで
683000	685000	差が出るのかなという感じ
685000	687000	次第なのかな
687000	689000	という気はしますけど
689000	691000	そうですね
693000	695000	うーん
695000	697000	現状だとおそらく
697000	699000	一般ユーザーにとっては変わらないと思いますね
699000	701000	はいはい
701000	703000	言語モデル自体も
703000	705000	いろんな方式があるとは言ったんですけど
705000	707000	どのモデルが
707000	709000	技術的に
709000	711000	ユーザーフレンドリーなのか
711000	713000	ユーザー体験が素晴らしいのか
713000	715000	どういうユースケースに適しているのか
715000	717000	っていうのは
717000	719000	自然言語モデルを開発している
719000	721000	最先端の研究者たちは
721000	723000	こういうことが言えるでしょうと言っている
723000	725000	はいるんですけど
725000	727000	実感として
727000	729000	世の中にそう認められている状態ではないし
729000	731000	そのユースケースを
731000	733000	受けられるためのプロンプと
733000	735000	リクエストの投げ方というのが
735000	737000	成熟しているわけでもないので
737000	739000	現時点ではそこまで
739000	741000	大きなメリハリというか
741000	743000	差は見えないんじゃないかな
743000	745000	と思っています
745000	747000	そうですね
747000	749000	将来的には面白いかもしれないですね
749000	751000	今言った
751000	753000	このバード用の
753000	755000	最適化された
755000	757000	バードとか
757000	759000	GPTOのバードとか
759000	761000	みたいな派閥ができそうな感じが
761000	763000	あるんで
763000	765000	そうですね
765000	767000	お絵かきイメージトゥテキスト
767000	769000	テキストトゥイメージとかだと
769000	771000	そういう感じも
771000	773000	出てきていたりするので
773000	775000	それと同じ感じで
775000	777000	派閥があって
777000	779000	それで
779000	781000	上手い呪文の
781000	783000	書き方ができたら
783000	785000	これらしい
785000	787000	性が出るみたいな
787000	789000	状況になる
789000	791000	また
791000	793000	実に言語らしい
793000	795000	開発言語とかと同じ感じで
795000	797000	それを得意とした
799000	801000	タスクをこなす
801000	803000	AIをこっちで作りました
803000	805000	みたいな感じになると
805000	807000	将来性がありそうな感じはしますね
807000	809000	そうですね
809000	811000	側は
811000	813000	いくつかレイヤーが
813000	815000	出してくるんでしょうね
817000	819000	出してくる回答が
819000	821000	このユーザーはどういう形態を求めているのか
821000	823000	次第で変えるとか
823000	825000	返答速度とかも
825000	827000	モデルによって全然違うでしょうし
827000	829000	その付帯情報ですよね
829000	831000	例えばチャットGPTで投げているとき
831000	833000	よくあると思うんですけど
833000	835000	一般的にそれはこういうことですみたいな感じで
835000	837000	本題がなかなかやってこなくて
837000	839000	後ろの方にチラッと出てくるみたいな
839000	841000	ああいう付帯情報だったり
841000	843000	返し方っていうのは
843000	845000	モデルによってだいぶ特性があるでしょうから
847000	849000	その辺の差とかはあると思いますね
849000	851000	今ちょうど
851000	853000	私の手元に
853000	855000	Bird ToppingとChat GPTの
855000	857000	GPT-4 3つともあるんで
857000	859000	3つに
859000	861000	How to get JSON file with Python
861000	863000	っていうJSONファイルを
863000	865000	Pythonで読み込むためにはどうしたらいいですか
865000	867000	というのを投げてみました
867000	869000	3つ投げてみて
869000	871000	一番
871000	873000	回答が早かったのが
873000	875000	Birdですね
875000	877000	リクエスト投げてから3秒で返ってきました
877000	879000	全文が
879000	881000	Chat GPTとかBingって
881000	883000	リクエストしたら
883000	885000	最初にJSONみたいな感じで
885000	887000	タラタラ流れてくると思うんですけど
887000	889000	そんなのがBirdではなくて
889000	891000	3秒後にバッと全文出てくる
891000	893000	みたいな感じだったので
893000	895000	即応性は
895000	897000	今のところBirdが一番高い
897000	899000	実際に
899000	901000	返してくる内容の
901000	903000	質と量
903000	905000	で言うと
907000	909000	Chat GPTと
911000	913000	Birdが同等なんですけれども
913000	915000	そうですね
915000	917000	Cって言えば
917000	919000	Birdの方が一番
919000	921000	プログラミング言語として
921000	923000	記載のレベルが
923000	925000	高いですね
925000	927000	すごいじゃないですか
927000	929000	Birdの場合はプログラムと
929000	931000	その実行結果まで出してくれていて
931000	933000	各行に対して
933000	935000	これはどういうものですというコメントが
935000	937000	付いている
937000	939000	一方でBingは
939000	941000	必要最小限の
941000	943000	ソースコードだけ載っていて
943000	945000	これでこういうものが
945000	947000	できますよっていうのが文章で
947000	949000	付けられている
949000	951000	Chat GPTの方で
951000	953000	言うと
953000	955000	一般にこう書きます
955000	957000	今回やりたいことってこれで合ってますか
957000	959000	みたいな形で
959000	961000	二つのセクションに分かれていることと
961000	963000	あとは
963000	965000	リードしたんだったら書き込みもやりたいですよね
965000	967000	ってことで書き込みの場合はこうです
967000	969000	っていうおまけ情報まで付いてきている
969000	971000	みたいな感じなんですけど
971000	973000	目的外要素みたいな感じになっているので
973000	975000	従来のGoogle検索のように
975000	977000	目的が決まっていて
977000	979000	その回答がすぐに欲しいみたいな人にとっては
979000	981000	もしかしたら
981000	983000	ちょっとプラクティスかもしれない
983000	985000	っていうのが初感です
985000	987000	いや面白いですね
987000	989000	なるほど
989000	991000	その検索情報を
991000	993000	どう統合的に扱うかという感じが
993000	995000	あってChat GPTは結構
995000	997000	網羅的な結果として
999000	1001000	合格点を出せるようにした結果
1001000	1003000	いろんな味を
1003000	1005000	ちょこちょこ食ってるみたいな
1005000	1007000	雰囲気がある感じですね
1007000	1009000	で
1009000	1011000	Langの方はおそらく
1013000	1015000	MSの
1015000	1017000	マイクロソフトの
1017000	1019000	OSとかとの
1019000	1021000	食い合わせを考えた時に
1021000	1023000	できるだけ
1025000	1027000	自然言語のまま出力したいとか
1027000	1029000	多分音声回答とかも
1029000	1031000	との食い合わせとかも
1031000	1033000	考えるとそうの方がいいと思うので
1033000	1035000	そこら辺の
1035000	1037000	手当てをした結果そうなってるっていう
1037000	1039000	封印な感じがします
1039000	1041000	そこの点は
1041000	1043000	本当その通りで
1043000	1045000	Bingだけはすごく
1045000	1047000	パーソナル性を出してくるんですよ
1049000	1051000	Bing
1051000	1053000	Chat AIを使ったことある人
1053000	1055000	わかるかもしれないですけど
1055000	1057000	こんにちは私はBingですから始めるんですよね
1059000	1061000	Chat GPTはそういう質問の中
1061000	1063000	いきなりリクエストを投げるタイプで
1063000	1065000	人格を求めても
1065000	1067000	私はAIなのでそういうのに答えられません
1067000	1069000	っていうバッサリ切り捨ててくる
1069000	1071000	スタイルなので
1071000	1073000	今おっしゃった差っていうのはすごく
1073000	1075000	感じますね
1075000	1077000	MSは昔から
1077000	1079000	イルカ君を作ってた
1079000	1081000	派閥なので
1083000	1085000	デスクトップアシスタント系に
1085000	1087000	の夢が忘れられないんでしょうね
1087000	1089000	という感じはありますね
1089000	1091000	そこら辺はやっぱ企業カラーが
1091000	1095000	ありますね
1095000	1097000	ごめんなさい途中で悪くなっちゃって
1097000	1099000	そういう感じで
1099000	1101000	言うとやっぱバードが今の
1101000	1103000	結果からすると検索して
1105000	1107000	疑問点を解消するという意味では
1107000	1109000	やっぱりGoogleの
1111000	1113000	手元で高精度のものが
1113000	1115000	出そうな感じがするので
1115000	1117000	意外と良さそうですね
1117000	1119000	そうですね
1119000	1121000	デスク機能から
1121000	1123000	追求されてきた
1123000	1125000	レスポンシビリティ
1125000	1127000	速さはすべての
1127000	1129000	UXに勝るというか
1129000	1131000	そういうポリシーを強く感じる
1131000	1133000	結果でしたね
1133000	1135000	そうですね
1135000	1137000	ChatGPTのチャレンジがたらたら出てくるの
1137000	1139000	結構めんどくさい
1141000	1143000	ビンジウォッチで
1143000	1145000	1.5倍速で動画を見るような
1145000	1147000	人間がはびこっている世の中では
1147000	1149000	もうちょっと速攻性を
1149000	1151000	出してもらった方がいいのかもしれないですね
1151000	1153000	そうですね
1153000	1155000	UIも非常にシンプルですし
1155000	1157000	あとデフォルトで
1157000	1159000	ついていて素晴らしいなと思ったのが
1159000	1161000	音声入力がデフォルト機能ですね
1161000	1163000	そこら辺も
1163000	1165000	今までの
1165000	1167000	研究開発活動
1167000	1169000	うまく使っていますねという感じですね
1171000	1173000	というところで
1173000	1175000	バードも結構面白い
1175000	1177000	感じになっているので
1177000	1179000	ぜひぜひ使ってみてくださいという紹介でした
1179000	1181000	はい
1185000	1187000	では2点目
1187000	1189000	私の方から
1189000	1191000	スペースX
1191000	1193000	スターシップ初の
1193000	1195000	軌道飛行試験は
1195000	1197000	上空で制御不能
1197000	1199000	指令爆破に終わる
1199000	1201000	次に向けて多くを学べた
1201000	1203000	というタイトルの記事です
1203000	1205000	スペースXが20日
1205000	1207000	大型ロケット兼宇宙船スターシップの
1207000	1209000	初めての軌道試験飛行を
1209000	1211000	実施しました
1211000	1213000	しかし離陸からしばらくすると
1213000	1215000	機体は明らかに姿勢の制御を
1215000	1217000	失った状態に陥り
1217000	1219000	離陸後4分ほどで
1219000	1221000	爆破コマンドが送信されました
1221000	1223000	当初の予定ではスターシップは
1223000	1225000	離陸後2分49秒で
1225000	1227000	1段目ブースターである
1227000	1229000	スーパーヘビーのエンジンを停止し
1229000	1231000	2分51秒でスーパーヘビーを切り離し
1231000	1233000	1段目ブースターを兼ねる
1233000	1235000	スターシップの6機の
1235000	1237000	ラプターエンジンが点火するはずでした
1237000	1239000	しかし打ち上げ直後から
1239000	1241000	スーパーヘビーの
1241000	1243000	33機あるラプターエンジンのうち
1243000	1245000	3機は点火しなかった模様です
1245000	1247000	さらに上昇の最中に
1247000	1249000	2機が噴射を停止したのが
1249000	1251000	ライブの画像からも
1251000	1253000	わかります
1253000	1255000	その後はスーパーヘビーを
1255000	1257000	メキシコ湾に着水させ
1257000	1259000	スターシップを軌道に近い高度まで上昇させ
1259000	1261000	打ち上げから90分後に
1261000	1263000	ハワイ近郊に着水させるというのが
1263000	1265000	前行程でしたが
1265000	1267000	スーパーヘビーブースターのシャットダウンから
1267000	1269000	切り離しロケット上段となる
1269000	1271000	スターシップ本体の6機の
1271000	1273000	ラプターエンジンの点火という
1273000	1275000	一連のシーケンスが行われる前に
1275000	1277000	機体は姿勢を崩して
1277000	1279000	中外流を繰り返すかのように
1279000	1281000	制御不能に陥りました
1281000	1283000	結局スターシップは目標としていた
1283000	1285000	軌道には到達できないまま
1285000	1287000	海の目図と消えたわけですが
1287000	1289000	スペースXは打ち上げ前から
1289000	1291000	今回はあくまで
1291000	1293000	開発のためのテストだと強調していました
1293000	1295000	そして
1295000	1297000	ライブ配信のホスト役を務めた
1297000	1299000	スペースXの
1299000	1301000	ジョーン氏は
1301000	1303000	この打ち上げの目標は
1303000	1305000	データを収集することであり
1305000	1307000	先ほども言ったように
1307000	1309000	打ち上げパッドをクリアして
1309000	1311000	再び出発する準備を整えることだったと
1311000	1313000	説明していました
1313000	1315000	また打ち上げから爆破までの間に
1315000	1317000	スタージップは最高高度
1317000	1319000	39kmに達していました
1319000	1321000	これだけでも
1321000	1323000	スペースXにとっては大成功だった
1323000	1325000	かもしれません
1325000	1327000	もしリフトオフできなかったり
1327000	1329000	リフトオフ直後に何らかの問題で
1329000	1331000	爆破することになっていれば
1331000	1333000	今後の打ち上げでも使用する
1333000	1335000	発射台と周辺設備まで
1335000	1337000	破壊してしまい
1337000	1339000	その再建のために今後の予定が
1339000	1341000	大幅に遅れる可能性がありました
1341000	1343000	スペースXは開発期間を短縮するため
1343000	1345000	複数バーのバージョンの
1345000	1347000	スタージップとスーパーヘビーを
1347000	1349000	並行して製造を保有しています
1349000	1351000	そしてその最新のバージョンには
1351000	1353000	今回打ち上げに使用した
1353000	1355000	機体に施した設計変更も
1355000	1357000	取り入れられているとのこと
1357000	1359000	スペースXのCEO
1359000	1361000	イーロン・マスク氏は
1361000	1363000	今回の打ち上げの試みが
1363000	1365000	失敗に終わった直後
1365000	1367000	数ヶ月後の次の試験飛行に向けて
1367000	1369000	多くのことを学べたとツイートしています
1369000	1371000	ということで
1371000	1373000	スペースX社が
1373000	1375000	スターシップという
1375000	1377000	ロケットを打ち上げたんですけども
1377000	1379000	かなり大きなターニングポイントで
1379000	1381000	スーパーヘビープラス
1381000	1383000	スターシップって
1383000	1385000	人間が打ち上げるロケットで
1385000	1387000	一番大きい
1387000	1389000	レベルになりました
1389000	1391000	一番大きいですと
1391000	1393000	これが
1393000	1395000	しかも33機の
1395000	1397000	クラスターで2段目というか
1397000	1399000	上段の
1399000	1401000	宇宙船と下段の
1401000	1403000	ロケットが
1403000	1405000	同じブースターを使うという
1405000	1407000	かなり野心的なプロジェクトで
1407000	1409000	ほんまにうまくいくんかいなという感じでした
1409000	1411000	が
1411000	1413000	何日かの延期があったものの
1413000	1415000	うまく飛びました
1415000	1417000	というところで
1417000	1419000	拍手喝采大喝采という感じ
1419000	1421000	だったんですけども
1421000	1423000	いろいろあって爆発したんですけども
1423000	1425000	はい
1425000	1427000	人類の大きなマイルストーンではないか
1427000	1429000	というところでの紹介です
1429000	1431000	はい
1431000	1433000	私も動画は一通り
1433000	1435000	見て
1435000	1437000	見事に
1437000	1439000	姿勢制御を失う感じが
1439000	1441000	すごく面白かったので
1441000	1443000	そこだけでも見る価値があるかなと思いますが
1443000	1445000	逆に
1445000	1447000	姿勢制御が崩れ始めてから
1447000	1449000	何とか戻そうとして
1449000	1451000	あの手この手がいろいろ出ている姿も結構面白いと思うので
1451000	1453000	その辺も注目ポイントかな
1453000	1455000	って感じですかね
1455000	1457000	そうですね
1457000	1459000	あそこら辺は本当に
1459000	1461000	見物というか
1461000	1463000	見物というかあれですけど
1463000	1465000	カーヴァルスペースプログラムという
1465000	1467000	ゲーム
1467000	1469000	宇宙開発ゲームをやっていると本当に思うんですけど
1469000	1471000	うん
1471000	1473000	一回姿勢が崩れ始めると
1473000	1475000	もう戻らないんですよね
1475000	1477000	そうですね
1477000	1479000	ロケットブースターの
1479000	1481000	推進エネルギーが高すぎて戻らないので
1481000	1483000	そこまでに何とか
1483000	1485000	してたんですけどもという感じが
1485000	1487000	あったというのと
1487000	1489000	33機の
1489000	1491000	クラスターのうち3機が
1491000	1493000	発射台から発射した直後から
1493000	1495000	もう使い物というか
1495000	1497000	テレメトリーで死んでいたので
1497000	1499000	そこも含めて
1501000	1503000	発射直後から
1503000	1505000	もうすでに
1505000	1507000	全てのタスクを
1507000	1509000	クリアできる状態ではなかったのではないかと
1509000	1511000	ちょっと
1511000	1513000	あれですけどこれは想像ですけど
1513000	1515000	思ってますというところ
1515000	1517000	もあってそこも含めて
1517000	1519000	よう飛んだなという
1519000	1521000	印象でした
1521000	1523000	そうですね本当に
1523000	1525000	KSPのゲームをやっていれば
1525000	1527000	分かる話ではあるんですけど
1527000	1529000	まず
1529000	1531000	ロケットを
1531000	1533000	知らない人はあんまりピンと
1533000	1535000	来ないかもしれないんですが
1535000	1537000	これくらいでかい重量物を
1537000	1539000	その衛星軌道まで
1539000	1541000	上げられるほど加速させる
1541000	1543000	ということ自体がクソ難しいんですよね
1543000	1545000	そうですね
1545000	1547000	エンジンがバカでかければ
1547000	1549000	飛ぶだろうと言うと
1549000	1551000	重量とのバランスで姿勢制御
1551000	1553000	しにくくなったり
1553000	1555000	加速が重すぎて困難だったり
1555000	1557000	そもそも離陸できないとか
1557000	1559000	離陸はポーンとすぐ横に
1559000	1561000	こげちゃうとかそんなのが
1561000	1563000	よくある中である程度
1563000	1565000	その39km
1565000	1567000	の地点まで空へ
1567000	1569000	飛び上がったということ自体が
1569000	1571000	大成功というのはもう本当に
1571000	1573000	その通りかなと思います
1573000	1575000	で
1575000	1577000	最後の方でおっしゃってた
1577000	1579000	複数バージョンのスターシップと
1579000	1581000	スターヘビーを並行して製造を
1581000	1583000	保有してますってあたりが
1583000	1585000	JAXAとは違うところでぐぬぬって感じですかね
1585000	1587000	いいなって
1587000	1589000	そうですね
1589000	1591000	何があろうとも
1591000	1593000	やり切るっていう
1593000	1597000	前提のもとやってるわけで
1597000	1599000	お金があるっていうことだね
1599000	1601000	という感じですねJAXAなんかは
1601000	1603000	ちょっとお金がないので
1603000	1605000	H3で問題が
1605000	1607000	発生したらそれが解決
1607000	1609000	するまで飛ばせないという状況
1609000	1611000	なんですけどもおそらくスター
1611000	1613000	シップは
1613000	1615000	今回の問題は
1615000	1617000	当然
1617000	1621000	あたりをつけて修理はするんですけども
1621000	1623000	その修理代金も
1623000	1625000	もう作っちゃってるやつにも
1625000	1627000	適応するっていうのもお金がかかるんですけども
1627000	1629000	それもやり切るという前提のもと
1629000	1631000	すでにもう一個あるよ
1631000	1633000	もう一個どこか確か午後ぐらいで
1633000	1635000	作りかけてるんですけど
1635000	1637000	あるよという感じで
1637000	1639000	作っているんで
1639000	1641000	いいですね
1641000	1643000	エネルギッシュな
1643000	1645000	エネルギッシュな会社は
1645000	1647000	良いですねという感じです
1647000	1649000	はい
1649000	1651000	そうですね
1651000	1653000	本当は人類史上
1653000	1655000	初めての規模感だと思うので
1655000	1657000	もう
1657000	1659000	これは成功しても失敗しても
1659000	1661000	人類として
1661000	1663000	盛り上がるべきイベントだと思うので
1663000	1665000	次も楽しみですね
1665000	1667000	そうですね
1667000	1669000	マジでこれは教科書に載るレベル
1669000	1671000	なのですし
1671000	1673000	結構良かったな
1673000	1675000	と思うのがそのライブを見てて
1675000	1677000	スペースXかなり
1677000	1679000	かなり
1679000	1681000	良いカメラを使っていて
1683000	1685000	姿勢制御しているのとか
1685000	1687000	なんなら
1687000	1689000	打ち上がっている途中でエンジン一個
1689000	1691000	はじけ飛んだだろうみたいな可変が見えたり
1691000	1693000	あと
1693000	1695000	打ち上がった後に
1695000	1697000	ロケットブースターが
1697000	1699000	ここはついているここはついているここはついていないのが
1699000	1701000	綺麗に見える
1701000	1703000	レベルで暗さが
1703000	1705000	見えたりしていて
1705000	1707000	ここら辺もずっとライブやっていた
1707000	1709000	スペースX社ならではなのかもしれないですけど
1711000	1713000	動画を見るだけで本当に
1713000	1715000	感動できると思います
1715000	1717000	という感じです
1717000	1719000	確かに
1719000	1721000	その辺は本当
1721000	1723000	おっしゃる通り見せる技術が
1723000	1725000	高い
1725000	1727000	その辺は
1727000	1729000	イーロンマスクさんが
1729000	1731000	投資家の目線が
1731000	1733000	あるんだと思うんですけど
1733000	1735000	お金を払っている側が
1735000	1737000	どういうコンテンツを求めているか
1737000	1739000	というのがよく分かっているという感じがしますね
1739000	1741000	そうですね
1743000	1745000	そこにお金をかけるのが大事ですし
1747000	1749000	動画に
1749000	1751000	エンジン死んでるよとか
1751000	1753000	燃料ここまでだよスピードと
1753000	1755000	加速度これだよ
1755000	1757000	みたいなのが結構載っているんですけど
1757000	1759000	これが結構
1759000	1761000	生のデータらしくて
1763000	1765000	この動画の自分データから
1765000	1767000	タイミングチャートを
1767000	1769000	書いている人が
1769000	1771000	いたんですけど
1771000	1773000	それで結構
1773000	1775000	爆発した後に
1775000	1777000	燃料絶対漏れただろ
1777000	1779000	めっちゃ減ってるじゃんみたいなのが
1779000	1781000	見れてたりするので
1781000	1783000	そういう意味でも正直なデータを
1783000	1785000	出せる自信があるし
1785000	1787000	正直なデータを出しているよ
1787000	1789000	という意思表示になっている
1791000	1793000	という意味も含めて
1793000	1795000	投資家に対して
1795000	1797000	俺はやるぞと言えている
1799000	1801000	のは素晴らしいかなと思いますね
1803000	1805000	ここら辺逆に下手にお金がなかったり
1805000	1807000	ちょっと隠ぺいする感じがあると
1811000	1813000	CGで作ってしまって
1813000	1817000	うまくいってるはずみたいな感じ
1817000	1819000	うまくいかなかったら
1819000	1821000	後で記者会見します
1821000	1823000	みたいになっちゃったりするんですけど
1825000	1827000	本当にそうですね
1827000	1829000	JAXAのH3のやつも
1829000	1831000	良かったんですけど
1831000	1833000	打ち上がってから1分後2分後には
1833000	1835000	正直何が起きているのか分からない
1835000	1837000	カメラの映像はほぼロケット天だし
1839000	1841000	CGの画面になって
1841000	1843000	その情報からこうなっているはずですね
1843000	1845000	みたいな解説がつくんですけど
1847000	1849000	その情報だと
1849000	1851000	臨場感も全然伝わってこないし
1853000	1855000	応援しようがないな
1855000	1857000	ってなっちゃうんですよね
1859000	1861000	そこら辺も分かるんですけど
1861000	1863000	打ち上がっているロケットの
1865000	1867000	高解像度の動画を
1867000	1869000	操縦しにするシステム
1869000	1871000	結構高価だとは思うんですけど
1871000	1873000	めっちゃ高価だと思う
1873000	1875000	マフラーは何歩で飛んでるんでしたっけ
1877000	1879000	打ち上げる軌道によるので
1879000	1881000	そこはいろいろだとは思いますけど
1883000	1885000	すぐに地上極から
1885000	1887000	見えなくなっちゃったりするので
1889000	1891000	スペースXどうしているか
1891000	1893000	分からないんですけど
1893000	1895000	会場にリレーポイントとか
1895000	1897000	作っているのかな
1897000	1899000	そうだよね
1899000	1901000	当たり前ですけど
1901000	1903000	ロケットから真下の方向に向かって
1903000	1905000	電波なんて
1905000	1907000	磁場が緩すぎてまともに飛ばないですよね
1907000	1909000	っていうのもありますし
1911000	1913000	地上から見ると結構すぐに
1913000	1915000	地平線の彼方に飛んでいっちゃうので
1915000	1917000	地球が丸いので
1917000	1919000	視界外になるのか
1919000	1921000	そこら辺も含めて結構
1921000	1923000	ノウハウがあると思うんですよね
1923000	1925000	確かに
1925000	1927000	解説しやすい
1927000	1929000	長距離届く電波だと
1929000	1931000	こんなに高解像度のデータ送れないから
1931000	1933000	そこら辺も含めて
1933000	1935000	金かけているなという感じ
1935000	1937000	それが爆散して
1937000	1939000	喜べるんだから素晴らしい
1939000	1941000	まじでくるくる回っているのは
1941000	1943000	すごかった
1943000	1945000	すごかったすごかった
1945000	1947000	KSPだとあれ絶対もげているな
1947000	1949000	と思いながら
1949000	1951000	間違いない
1951000	1953000	ぐにょぐにょになって
1953000	1955000	実際ああなるんだな
1955000	1957000	というのが分かっただけでもやっぱり
1957000	1959000	面白いですし
1959000	1961000	宇宙というかロケットの
1961000	1963000	難しさが入室に現れているので
1963000	1965000	いいと思いました
1965000	1967000	あと
1967000	1969000	付け足すと
1969000	1971000	さっきの記事中では
1973000	1975000	今後の予定は大幅に遅れる可能性はない
1975000	1977000	という雰囲気の
1977000	1979000	記事で抱えていましたけど
1979000	1981000	最新の情報だと結構
1981000	1983000	射点がボロボロになっています
1983000	1985000	そうなんだ
1985000	1987000	というのは
1987000	1989000	スターシップを乗せていた台座みたいなのが
1989000	1991000	あるんですけど
1991000	1993000	結構打ち上げの
1993000	1995000	動画でもめちゃめちゃ
1995000	1997000	土煙出ていたなという感じ
1997000	1999000	なんですけど
1999000	2001000	置いていた棚絵みたいな台座が
2001000	2003000	まじでもう
2003000	2005000	砕けているし
2005000	2007000	爆弾が爆発したのかみたいな
2007000	2009000	破片が空いているし
2009000	2011000	鉄骨もボロボロでもげているし
2011000	2013000	近くの
2013000	2015000	液体燃料タンクに
2015000	2017000	破片が飛んでいって
2017000	2019000	タンクボロボロに凹んでいるし
2019000	2021000	みたいな
2021000	2023000	感じになっていて
2025000	2027000	スーパーヘビーのエネルギーやばいね
2027000	2029000	という感じです
2029000	2031000	やばいよね
2031000	2033000	そこら辺も含めて
2033000	2035000	知見はあるので
2035000	2037000	というのは
2037000	2039000	クソデカロケットを
2039000	2041000	打ち上げるとき
2041000	2043000	ロシアもドイツもナサも
2043000	2045000	結構遠導という
2047000	2049000	ロケット下の
2049000	2051000	噴射エネルギーを横に逃がす
2051000	2053000	みたいな
2053000	2055000	トンネルみたいなのを掘っているんですよね
2055000	2057000	なのでそれを掘らないといけないよね
2057000	2059000	という話にはなりそうなんですけど
2061000	2063000	そこら辺も含めて
2063000	2065000	想定外な部分は
2065000	2067000	あったらしいんですけど
2067000	2069000	そこも含めて改善していくと思うので
2069000	2071000	期待ですねという感じです
2073000	2075000	そもそも
2075000	2077000	こいつ質量5000トンあるんですよね
2079000	2081000	やばすぎですね
2081000	2083000	5000トンを
2083000	2085000	浮かばせるだけのエネルギーが
2085000	2087000	地面に向かって出れば
2087000	2089000	そうなるよねって感じだけど
2089000	2091000	なので
2091000	2093000	下手な爆発
2093000	2095000	砲撃とかよりも
2095000	2097000	全然もげているので
2097000	2099000	そりゃそうだ
2099000	2101000	5000トンの弾丸なんて飛ばさないですからね
2105000	2107000	という感じなので
2107000	2109000	今後も頑張っていってほしいですと
2111000	2113000	じゃあ次
2113000	2115000	私の方からいきますね
2115000	2117000	3点目
2117000	2119000	ローカル5Gにおける無線空間での
2119000	2121000	スライシング技術の検証に成功
2121000	2123000	ものにその記事です
2123000	2125000	NTTコミュニケーションズは
2125000	2127000	2023年3月30日
2127000	2129000	国内で初めて
2129000	2131000	ローカル5Gにおける無線空間での
2131000	2133000	スライシング技術の検証に成功したと発表した
2133000	2135000	またLANを含む
2135000	2137000	5Gネットワークから
2137000	2139000	WANまでのエンドツーエンドスライシングの検証で
2139000	2141000	異なるネットワーク要件が
2141000	2143000	必要な複数の端末で
2143000	2145000	QoS制御が可能だと
2145000	2147000	確認した
2147000	2149000	LANスライシング技術は
2149000	2151000	論理分割とQoS制御から構成されている
2151000	2153000	通信特性ごとの
2153000	2155000	無線リソースを論理的に分割することで
2155000	2157000	通信品質を確保し
2157000	2159000	分割した無線リソース内における
2159000	2161000	QoS制御で
2161000	2163000	優先度に応じたパケットの転送ができる
2163000	2165000	同社は5Gコアや
2165000	2167000	WANなどLAN以外の
2167000	2169000	スライシング技術の検証も実施してきた
2169000	2171000	今回LANスライシング技術を
2171000	2173000	確立したことでWANにおける
2173000	2175000	QoS制御との連携による
2175000	2177000	E2EスライシングとQoS制御が
2177000	2179000	可能になった
2179000	2181000	ということで専門用語だらけの記事で
2181000	2183000	さっぱり何言ってるか分からなそうな
2183000	2185000	内容なんですけど
2185000	2187000	何ができるようになったかっていう
2187000	2189000	話だけしますね
2189000	2191000	今まで5G
2191000	2193000	ローカル5Gとか引いた場合に
2193000	2195000	その記事局の
2195000	2197000	設定っていうのは
2197000	2199000	基本1個に決まりきってましたと
2199000	2201000	その記事局の
2201000	2203000	設定が例えば
2203000	2205000	低遅延向けな
2205000	2207000	設定になってたら
2207000	2209000	その状態の電波しか吹けません
2209000	2211000	大容量向けになってたら
2211000	2213000	その大容量向けの電波しか吹けません
2213000	2215000	大容量を
2215000	2217000	吹くためには例えば
2217000	2219000	上り方向と
2219000	2221000	下り方向の
2221000	2223000	どっちを大容量にしたいのかとか
2223000	2225000	そういう設定をチューニングしていって
2225000	2227000	映像を
2227000	2229000	リモートでどっかに送るんだったら
2229000	2231000	アップリンクの方
2231000	2233000	上り方向の
2233000	2235000	データ容量を大容量にするとか
2235000	2237000	そういう設定を
2237000	2239000	組み込んでいって吹いてましたと
2239000	2241000	それで何が困ってくるのかというと
2241000	2243000	5Gの価値の一つである
2243000	2245000	多接続性というところの
2245000	2247000	技術制約になってしまう
2247000	2249000	っていうのが問題でした
2249000	2251000	5Gは
2251000	2253000	1万台を超える
2253000	2255000	多接続性を謳っているわけですけれども
2255000	2257000	そういった
2257000	2259000	多接続において
2259000	2261000	特定のシステム要件に
2261000	2263000	引っ張られるチューニング
2263000	2265000	というのは非常に困るわけです
2265000	2267000	例えば
2267000	2269000	大容量のデータを上げたい横では
2269000	2271000	低遅延のロボットが
2271000	2273000	動いているとかそういったことが
2273000	2275000	普通に起こり得るわけで
2275000	2277000	多接続だったらむしろそれをしたい
2277000	2279000	その工場の中を
2279000	2281000	全部5G一個に済ませたいとか
2281000	2283000	多接続性を活かして
2283000	2285000	いろんなシステムを
2285000	2287000	積み込んで
2287000	2289000	システム間の連携とかを
2289000	2291000	柔軟に図っていきたいんだけれども
2291000	2293000	先ほど言ったような
2293000	2295000	特定のシステム要件
2295000	2297000	向けのチューニングというのが
2297000	2299000	5G基地局側に入ってしまうものだから
2299000	2301000	そういった使い分けが
2301000	2303000	できないというのが
2303000	2305000	すごく困りポイントでしたと
2305000	2307000	今回のスライシング技術によって
2307000	2309000	そのチューニングというのを
2309000	2311000	論理的に分割したりとか
2311000	2313000	その無線の
2313000	2315000	端末ごとに
2315000	2317000	分割したりというのが
2317000	2319000	技術的にできるようになったので
2319000	2321000	その多接続性を
2321000	2323000	ちゃんと活かせられるようになってきましたよ
2323000	2325000	というニュースです
2327000	2329000	はい
2329000	2331000	それだけ聞くと
2331000	2333000	必須というか
2333000	2335000	必須ではないけど
2335000	2337000	これがあって進化を発揮できるよね
2337000	2339000	という感じ
2339000	2343000	ではありますけど
2343000	2345000	なんかこう
2345000	2347000	パケットどっか行っちゃった
2347000	2349000	とかにならないですかこれは大丈夫なんですか
2353000	2355000	多分コアネットワークまで
2355000	2357000	来てしまえば
2357000	2359000	一生かな
2359000	2361000	電波アンテナだけ
2361000	2363000	別で使っているだけで
2365000	2367000	そこのアンドシェイクというか
2367000	2369000	ちょっと忘れちゃいましたけど
2369000	2371000	通信が確立した状態で
2371000	2373000	パシパシと切り替えるので別に問題はない
2373000	2375000	そうですね
2375000	2377000	低遅延性とか
2377000	2379000	大容量性というのが
2379000	2381000	あんまり基地局の中の
2381000	2383000	L3スイッチとか
2383000	2385000	SIMとか
2385000	2387000	パケットをハンドリングする
2387000	2389000	制御指示を出しているコアとかには
2389000	2391000	依存していなくて
2391000	2393000	どっちかというと5G無線
2393000	2395000	自体が
2395000	2397000	タイムスケジュールだったりとか
2397000	2399000	どういう風に
2399000	2401000	パケットをもらったりとか
2401000	2403000	受け渡したり
2403000	2405000	1対1のSIMとどういう風に
2405000	2407000	通信時間を分割しているのかとか
2407000	2409000	そういう制御の方が
2409000	2411000	今は
2411000	2413000	ボトルネックです
2413000	2415000	なのでそっちだけ改善されたら
2415000	2417000	パケットを
2417000	2419000	一個のパケットをひたすら
2419000	2421000	物理的に
2421000	2423000	優先で回していく領域については
2423000	2425000	問題がない
2425000	2427000	なるほど
2429000	2431000	であればとりあえずは
2431000	2433000	問題がなくて
2433000	2435000	今までできていなかったのは
2435000	2437000	技術的に
2437000	2439000	要件定義というか
2441000	2443000	制約条件を満足する
2443000	2445000	システムってこれです
2445000	2447000	というのが難しかったので
2447000	2449000	できなかったというだけ
2449000	2453000	という感じですかね
2453000	2455000	そうですね
2455000	2457000	おそらくこれは
2457000	2459000	だいぶアンテナとかの
2459000	2461000	設計が変わっているはずです
2465000	2467000	例えば定時円にしようと思った場合
2467000	2469000	無線通信をどういう風に
2469000	2471000	すればいいかというと
2471000	2473000	イベントドリブンな
2473000	2475000	無線通信を
2475000	2477000	しないといけない
2477000	2479000	私
2479000	2481000	エンド端末が
2481000	2483000	今こういうデータを持っていて
2483000	2485000	このデータを上げたいんだけど
2485000	2487000	というのを基地局に連絡して
2487000	2489000	基地局がいいよ
2489000	2491000	その部分の通信帯域開けるねと
2491000	2493000	応答して開けてもらって
2493000	2495000	そこにすぐ流していく
2495000	2497000	ということをしないと定時円って
2497000	2499000	実現できないわけですよ
2501000	2503000	一方で高速大容量の場合
2503000	2507000	何が必要かというと
2507000	2509000	通知して開けてもらう
2509000	2511000	時間を作っている余裕もないので
2511000	2513000	例えば
2513000	2515000	1秒のある中で
2515000	2517000	900ms分は
2517000	2519000	あなたの通信に開けといたから
2519000	2521000	そこにガバガバ流して
2521000	2523000	そこで流せる容量が最大限だから
2523000	2525000	全部そこにパケットを
2525000	2527000	放り込んでもらっていいよという
2527000	2529000	ビッグパケットでそのまま流してもらっていいよ
2529000	2531000	というのを
2531000	2533000	他の端末に伝えて
2533000	2535000	端末からはストリーム的に
2535000	2537000	送ってもらう
2537000	2539000	というのが
2539000	2541000	必要になる
2541000	2543000	それって
2543000	2545000	一つの無線空間に対する
2545000	2547000	自分勝つという話だけで言うと
2547000	2549000	愛入れないというか
2549000	2551000	同居できないわけですよね
2553000	2555000	それを同居できるようになった
2555000	2557000	という話なので
2557000	2559000	無線のチャンネルを
2559000	2561000	うまく切り替えて
2561000	2563000	その要件ごとに
2563000	2565000	変えられるようにしたのか
2567000	2569000	アンテナの
2569000	2571000	マイモテ
2571000	2573000	マイモテってわからない
2573000	2575000	インプット用のアンテナと
2575000	2577000	アウトプット用のアンテナのリレーセット
2577000	2579000	みたいなのがいくつか
2579000	2581000	組み合わせで入っているんですけど
2581000	2583000	その組み合わせセットごとにちょっと制御を
2583000	2585000	変えられるように
2585000	2587000	そのコアとアンテナ
2587000	2589000	制御基金との間を
2589000	2591000	何分かつか
2591000	2593000	レイヤー分けしたとか
2593000	2595000	そういう形でアーキテクチャ構造が変わっているんじゃないかな
2595000	2597000	と思っています
2597000	2599000	すみませんだいぶ
2599000	2601000	専門的に言い過ぎて口が
2601000	2603000	表現が難しいんですけど
2603000	2605000	携帯の通信網とかと一緒だよね
2605000	2607000	という雰囲気はあるので
2609000	2611000	そうか
2611000	2613000	って感じなんですけど
2613000	2615000	確かにあれもかなりエグいことしているな
2615000	2617000	と言われてみるとそうですね
2617000	2619000	という感じなんで
2619000	2621000	まあ
2621000	2623000	そういう意味で言うと
2623000	2625000	携帯の通信網でやっているような
2625000	2627000	アンテナ何本も立てて
2627000	2629000	それと時と場合と
2629000	2631000	強度によって
2631000	2633000	カリカリカリ切り替えていくっていうのを
2633000	2635000	ロクラ5Gでもできるようにしましたと
2635000	2637000	そうですね
2637000	2639000	NTTなんで
2639000	2641000	お家芸と言えばお家芸ですので
2641000	2643000	確かにこれ
2643000	2645000	需要はあるでしょうし
2645000	2647000	これが
2647000	2649000	NTTしか出せない
2649000	2651000	AUとかもやるでしょうけど
2651000	2653000	KDDIとかも
2653000	2655000	言うことになれば
2655000	2657000	他のローカル5G系列の
2657000	2659000	システムと比べてやっぱり
2659000	2661000	NTTさんの提供する
2661000	2663000	システムサービスは
2665000	2667000	パリッとちゃんと取れていいよね
2667000	2669000	ってことになって
2669000	2671000	普及することが
2671000	2673000	期待できると
2673000	2675000	いう意味では正当的に
2675000	2677000	いい技術なんじゃないでしょうか
2677000	2679000	というところですね
2679000	2681000	一つ
2681000	2683000	ちょっと普及が
2683000	2685000	通そうだなと思う話で言うと
2685000	2687000	おそらく
2687000	2689000	初期投資費は2倍強くらい
2689000	2691000	になります
2691000	2693000	多分
2693000	2695000	今
2695000	2697000	時点だと
2697000	2699000	ここのチューニングを
2699000	2701000	カリカリやった時に
2703000	2705000	この低遅延
2705000	2707000	例えば低遅延版と高速大容量版と
2707000	2709000	2つ同居させますと
2709000	2711000	決めた時
2711000	2713000	1つのコア装置
2713000	2715000	5Gの
2715000	2717000	基地局装置で
2717000	2719000	2つの設定を共存させて
2719000	2721000	このパケットがどうだって
2721000	2723000	判断している余裕はおそらく現状ないので
2723000	2725000	丸と
2725000	2727000	2つ同居させて
2727000	2729000	その統合管理ツール
2729000	2731000	みたいなWebUIだけ
2731000	2733000	作るみたいな状態じゃないかな
2733000	2735000	と思っています
2735000	2737000	こっちから来ました
2737000	2739000	左手から来ました
2739000	2741000	これですみたいな
2741000	2743000	一緒なのはSIMの
2743000	2745000	設定だけ
2745000	2747000	このSIMが登録されているかどうかと
2747000	2749000	APNとして
2749000	2751000	アサインできていいかどうかとか
2751000	2753000	その辺の共通設定だけ
2753000	2755000	分離されている状態
2755000	2757000	かな
2757000	2759000	実質
2759000	2761000	2世代というか
2761000	2763000	2ライン分の
2763000	2765000	基地局になるので
2765000	2767000	ハードウェア的にもソフトウェア的にも
2767000	2769000	2台分だよね
2769000	2771000	ということになると
2771000	2773000	じゃないかなと思っています
2773000	2775000	普及はちょっと先かな
2775000	2777000	そんな気はしますね
2777000	2781000	という感じですけど
2781000	2783000	それでも
2783000	2785000	通信速度が欲しい
2785000	2787000	という
2787000	2789000	お客さんが言ってくれると
2789000	2791000	嬉しいですけどね
2791000	2793000	携帯とかは
2793000	2795000	遅ければ使い物にならない
2795000	2797000	という世界になっちゃっているので
2801000	2803000	工場とかだと
2803000	2805000	言われているデジタルツイン
2805000	2807000	とかでいう話だと
2807000	2809000	ロボットの状態を
2809000	2811000	リアルタイムにアップロードしつつ
2811000	2813000	カメラで
2813000	2815000	現場の状況をモニタリングして
2815000	2817000	フィードバックを返すみたいなことを言っているので
2817000	2819000	そういうのを実現したかったら
2819000	2821000	こういう話は
2821000	2823000	必須かなと思いますけど
2823000	2825000	確かにそのレベルだと
2825000	2827000	必須ですねというところはあるので
2827000	2829000	研究段階として
2829000	2831000	こういう技術ができたという
2831000	2833000	紹介でした
2833000	2835000	次
2835000	2837000	はい
2837000	2839000	私の方から
2839000	2841000	産経ニュースさんの記事です
2841000	2843000	火星生活1年体験
2843000	2845000	NASA設備初公開
2845000	2847000	紳士のストレス調査というタイトルの記事です
2847000	2849000	4番目ですね
2849000	2851000	NASAは
2851000	2853000	11日4月11日ですね
2853000	2855000	将来の火星での
2855000	2857000	暮らしを模した
2857000	2859000	居住実験施設を
2859000	2861000	テキサス州のジョンソン宇宙センターで
2861000	2863000	公開した
2863000	2865000	参加者4人に6月から1年間
2865000	2867000	化学実験や生活をしてもらい
2867000	2869000	限られた資源の
2869000	2871000	やりくりや孤独感
2871000	2873000	機器の故障など
2873000	2875000	多様なストレスが紳士に与える
2875000	2877000	影響を調べる
2877000	2879000	データは調査計画の安全性
2879000	2881000	向上に役立てる
2881000	2883000	施設は
2883000	2885000	3Dプリンタで建造
2885000	2887000	特殊なコンクリートを絞り出し
2887000	2889000	積み重ねていくシンプルな方法で
2889000	2891000	本番にも使える可能性がある
2891000	2893000	地球から運ぶ建設機械や
2893000	2895000	資材を抑えられるためだ
2895000	2897000	約160平方メートルで
2897000	2899000	個室や台所
2899000	2901000	医療や運動用の
2901000	2903000	部屋もある
2903000	2905000	地球の3分の1しかない
2905000	2907000	重力は再現できないが
2907000	2909000	地球とのやりとりに
2909000	2911000	時間かかる通信事情など
2911000	2913000	その他の条件は本番に近づけるよう
2913000	2915000	努めたということで
2915000	2917000	これも
2917000	2919000	YouTubeに動画が
2919000	2921000	上がっているので
2921000	2923000	それを見てもらうといいかなと思いますけど
2923000	2925000	まあ
2925000	2927000	パッと見の
2927000	2929000	見た目は
2929000	2931000	なんか面白い壁をした部屋だな
2931000	2933000	という感じなんですけども
2933000	2935000	閉鎖空間になっていて
2935000	2937000	そこで生活
2937000	2939000	できるようになってた
2939000	2941000	外見は
2941000	2943000	めちゃくちゃ巨大な倉庫で
2943000	2945000	その中にこういう施設と
2945000	2947000	あと火星環境を模擬した
2947000	2949000	なんかこう外
2949000	2951000	何て言うんですか
2951000	2953000	火星の土を模した
2953000	2955000	デッキみたいなところがあって
2955000	2957000	そこで戦災じゃないな
2957000	2959000	火星環境下での
2959000	2961000	多分宇宙服を着た作業とかも
2961000	2963000	模擬できるようになっている
2963000	2965000	という本格仕様ですと
2965000	2967000	という感じの紹介です
2967000	2969000	はい
2969000	2971000	うーん
2973000	2975000	鬱になりそう
2975000	2977000	いやー俺も思った
2977000	2979000	あのー
2979000	2981000	動画見てもらうと分かるんですけど
2981000	2983000	まあ部屋自体はそんなに狭くないんですけど
2983000	2985000	高々
2985000	2987000	6部屋ぐらい
2987000	2989000	しかないんですよね
2989000	2991000	ここに何人住むんでしたっけ
2991000	2993000	4人で1年間
2993000	2995000	住む感じで
2995000	2997000	まあ
2997000	2999000	個室もあるとはいえ
2999000	3001000	寝る部屋
3001000	3003000	トイレシャワー
3003000	3005000	飯食うスペース
3005000	3007000	あとちょっと
3007000	3009000	研究開発スペースぐらいしかないので
3009000	3011000	マジで
3011000	3013000	変わり映えしないんですよね
3015000	3017000	でまあちょっと気が向かうので
3017000	3019000	なんかこう外に寝て
3019000	3021000	外の空気吸うか
3021000	3023000	外は火星なので
3023000	3025000	外の空気吸えないですし
3025000	3027000	まあ吸いに行ったとしても
3027000	3029000	ガチガチに服着込んで
3029000	3031000	もうめちゃくちゃ狭い視野で
3031000	3033000	見に行くことになるから
3033000	3035000	開放感は全くないでしょうね
3035000	3037000	ないですし
3037000	3039000	まあという感じなので
3039000	3041000	えーっと
3041000	3043000	まあ
3043000	3045000	そうですね
3045000	3047000	結構引きこもりの再動がないと
3047000	3049000	マジでちょっと精神を
3049000	3051000	病んでしまう感じがして
3051000	3053000	まあ宇宙飛行士
3053000	3055000	ISIS
3055000	3057000	国際宇宙ステーションに住んでいる
3057000	3059000	人たちはこれよりも
3059000	3061000	狭いので
3061000	3063000	いやマジであの人ら才能すごいな
3063000	3065000	という感じで
3065000	3067000	思いました
3067000	3069000	あっちはね
3069000	3071000	期間が限定で
3071000	3073000	言っても3年とかだっけ
3073000	3075000	まあまあまあ確かに
3075000	3077000	そんな長期間
3077000	3079000	住むわけではなくて
3079000	3081000	ある程度の
3081000	3083000	活動期間が終わったら
3083000	3085000	帰ってくる
3085000	3087000	やることも明確じゃん
3087000	3089000	こっちの場合は
3089000	3091000	一回火星でここに
3091000	3093000	来てしまうと
3093000	3095000	地球に帰れるかどうか分からない
3095000	3097000	通信が継続的に
3097000	3099000	生きているかどうかも分からない
3099000	3101000	その火星で
3101000	3103000	いろいろ回ってしまって
3103000	3105000	太陽光発電が止まって電気とかが
3105000	3107000	インフラが維持されるかどうかも
3107000	3109000	分からないっていう
3109000	3111000	その終わりがないのと
3111000	3113000	リスクっていうのがすごく高い
3113000	3115000	ハイパーストレスフル環境だと思うんですよね
3115000	3117000	実際には
3117000	3119000	それで
3119000	3121000	その
3121000	3123000	なんだろうな
3123000	3125000	人間として
3125000	3127000	精神衛生上回復できる
3127000	3129000	外部イベントがゼロってなると
3131000	3133000	死んじゃいそうだけどな
3133000	3135000	まあ確かにそうですね
3135000	3137000	火星めちゃくちゃ遠いのでね
3137000	3139000	取り残されたら
3139000	3141000	ガチで火星の人になってしまうので
3143000	3145000	地球との通信が
3145000	3147000	めちゃくちゃ安定的で
3147000	3149000	それこそ
3151000	3153000	ユーチューバーたちと
3153000	3155000	普段から交流できるとか
3155000	3157000	何かその
3157000	3159000	この4人以外の人と
3159000	3161000	接点があり続けるんだったら
3161000	3163000	ワンチャンなくもないけど
3163000	3165000	ないんだろうな
3165000	3167000	そんなのが
3167000	3169000	なかなか難しいでしょうね
3169000	3171000	資源も限られてるでしょうし
3171000	3173000	地球から持っていける設備
3173000	3175000	いや
3175000	3177000	こんだけ持ってったら
3177000	3179000	かなり剛性ですね
3179000	3181000	確かに
3181000	3183000	写真にあるような
3183000	3185000	こんだけの設備は持っていけない
3185000	3187000	椅子とかも
3187000	3189000	現地で作るレベルだと思いますし
3189000	3191000	最初はただの
3191000	3193000	キャビネットの箱に座るとか
3201000	3203000	いや
3203000	3205000	マジで
3205000	3207000	最初のこの火星に
3207000	3209000	設備を下ろしていく人たちは
3209000	3211000	人間やめるしかないから
3211000	3213000	それこそ無人機でできる範囲で
3213000	3215000	頑張ってほしいけどな
3215000	3217000	そうですね
3217000	3219000	できるだけ
3219000	3221000	無人機で
3221000	3223000	植民地活動して
3223000	3225000	そう
3225000	3227000	せめて
3227000	3229000	映画10年分くらいは
3229000	3231000	用意しておいてほしいですよね
3231000	3233000	まあ確かにそういうデータは
3233000	3235000	持っていけるとは思いますけど
3235000	3237000	逆に
3237000	3239000	SDとかのほうが全然
3239000	3241000	軽いでしょうし
3243000	3245000	ちょっとね
3245000	3247000	多くイベントが多くないと
3247000	3249000	やんでしまうから
3249000	3251000	そうですね
3251000	3253000	はいという感じでの紹介でした
3253000	3255000	はい
3255000	3257000	いいと思います
3257000	3259000	自分はいけないと思います
3259000	3261000	はい
3261000	3263000	はい
3263000	3265000	じゃあ最後私のほうからですね
3265000	3267000	5点目
3267000	3269000	量子コンピューターを利用できる
3269000	3271000	量子計算クラウドサービスを開始
3271000	3273000	ということで
3273000	3275000	理化学研究所のニュースリリースです
3279000	3281000	内容としては
3281000	3283000	国産超伝導量子コンピューター初号機の
3283000	3285000	公開です
3285000	3287000	理化学研究所
3287000	3289000	量子コンピューター研究センターの
3289000	3291000	中村センター長
3291000	3293000	産業技術総合研究所
3293000	3295000	3D集積システムグループの
3295000	3297000	木口研究グループ長
3299000	3301000	情報通信研究機構
3301000	3303000	全都合CT研究室の
3303000	3305000	寺井執事長
3305000	3307000	大阪大学量子情報量子生命研究センターの
3307000	3309000	北川センター長
3309000	3311000	他
3311000	3313000	すごい偉い方々によって
3317000	3319000	量子コンピューターをクラウド公開し
3319000	3321000	外部からの利用を開始します
3321000	3323000	というリリースです
3325000	3327000	ちょっと背景のほうまでスキップして
3327000	3329000	ざっくり
3329000	3331000	話していくと
3331000	3333000	量子力学は20世紀初頭に
3333000	3335000	誕生して以来物理学の基礎理論として
3335000	3337000	科学の広範な分野の
3337000	3339000	発展に貢献してきました
3339000	3341000	特に量子重ね合わせ
3341000	3343000	量子もつれなどの特有の現象は
3343000	3345000	現代の科学技術の発展に不可欠な
3345000	3347000	要素となっています
3347000	3349000	しかし20世紀の終わりから急速に発展してきた
3349000	3351000	量子情報科学の観点では
3351000	3353000	人類は量子力学をまだ
3353000	3355000	完全に使いこなせていません
3355000	3357000	そこで量子力学の基本原理を
3357000	3359000	計算通信計測といった
3359000	3361000	技術分野にも適応して
3361000	3363000	従来の技術にない高度な性能を引き出すための
3363000	3365000	研究開発が世界中で進められています
3365000	3367000	この辺が
3367000	3369000	量子コンピュータの研究背景ですね
3369000	3371000	今回公開する
3371000	3373000	超伝導量子コンピュータでは
3373000	3375000	量子ビットを64個並べた
3375000	3377000	64量子ビットの集積回路が
3377000	3379000	用いられます
3379000	3381000	本装置には2次元集積路と
3381000	3383000	垂直配線パッケージ
3383000	3385000	という2つの特徴があります
3385000	3387000	詳細についてはホームページを
3387000	3389000	見に行って画像が色々あるので
3389000	3391000	見ていただいた方がいいです
3391000	3393000	口で言っても全然
3393000	3395000	想像つかないと思うので
3395000	3397000	省略します
3397000	3399000	このパッケージがどういうメリットが
3399000	3401000	あるかというと
3401000	3403000	全体像として
3403000	3405000	縦方向に長い
3405000	3407000	ユニットになっているんですけれど
3407000	3409000	このユニットを増やしていくことでスケール性がある
3409000	3411000	というところで
3411000	3413000	利用者拡大に応じて
3413000	3415000	どんどんどんどん
3415000	3417000	成長させていくことができる
3417000	3419000	というのがポイントです
3419000	3421000	あとは今回使われる
3421000	3423000	量子計算
3423000	3425000	量子ビット
3425000	3427000	集積回路は
3427000	3429000	超伝導方式になっているので
3429000	3431000	すごく冷やさないといけない
3431000	3433000	とか
3433000	3435000	外部からのレイアウトパルスの
3435000	3437000	精度が高くないといけない
3437000	3439000	というところがあるんですけれども
3439000	3441000	その辺もソフトウェアによって自動化できているので
3441000	3443000	安定的に稼働できますよ
3443000	3445000	というのが
3445000	3447000	売りだそうです
3447000	3449000	今回この理研は
3449000	3451000	超伝導量子コンピューターを
3451000	3453000	どこからでも利用できるように
3453000	3455000	量子計算クラウドサービスを提供すると
3455000	3457000	量子計算の研究開発の
3457000	3459000	推進発展を目的とした
3459000	3461000	非商用利用であればいずれの
3461000	3463000	研究技術者でも利用申請が可能
3463000	3465000	ただし当面は理研の共同研究
3465000	3467000	契約を通じて利用手続を行う
3467000	3469000	ユーザーは理研外の
3469000	3471000	サーバーに接続することで
3471000	3473000	超伝導量子コンピューターへの
3473000	3475000	ジョブ送信や計算結果の受信を行うことが
3475000	3477000	可能となり
3477000	3479000	共同研究の目的に合致した用途であれば
3479000	3481000	超伝導量子コンピューターを利用することができる
3481000	3483000	当面は無償利用とする
3483000	3485000	ということなので
3485000	3487000	研究している人は急げという状態ですね
3489000	3491000	共同研究グループは
3491000	3493000	さらに多くの量子ビットと量子計算動作を
3493000	3495000	可能にするため
3495000	3497000	気弱冷凍器内の配線の高密度化など
3497000	3499000	さらなるシステム開発を
3499000	3501000	進めています
3501000	3503000	また超伝導量子コンピューター
3503000	3505000	NISQ応用プラットフォームの
3505000	3507000	テストヘッドとして提供しつつ
3507000	3509000	ユーザーのニーズなどを踏まえ
3509000	3511000	公開装置についてもさらなる高度化に向けて
3511000	3513000	必要な研究開発を
3513000	3515000	進めていきますということです
3523000	3525000	国内でこういうインフラができて
3525000	3527000	量子コンピューター将来派遣
3527000	3529000	取る可能性があるので
3529000	3531000	国内でこういう
3531000	3533000	サービスが利用できてしかも無料
3533000	3535000	で直送信ができる
3535000	3537000	ということなので
3539000	3541000	量子コンピューティングの
3541000	3543000	研究している人は
3543000	3545000	急げという感じなんですけど
3547000	3549000	というところなので
3549000	3551000	非常にいいニュースかなと思います
3551000	3553000	結構面白いなと
3553000	3555000	思ったのが
3555000	3557000	今までよく分からなかった
3557000	3559000	量子コンピューター
3559000	3561000	縦向きにジャラジャラいっぱいついているけど
3561000	3563000	あれ何やねんみたいなところが
3563000	3565000	図解で分かったのが面白かったですね
3567000	3569000	ぱっと見どちらかというと
3569000	3571000	真空管みたいな構造をしているんですね
3573000	3575000	真空管?
3575000	3577000	下手すると原子炉みたいな感じで
3577000	3579000	制御棒が下から伸びていて
3583000	3585000	それでクリティカルな
3585000	3587000	めちゃくちゃ冷やした部分を
3587000	3589000	突っつくことで量子コンピューティングの
3589000	3591000	計算をするという構造らしいので
3593000	3595000	その制御棒と冷やす構造体に
3595000	3597000	めちゃくちゃコストがかかるので
3599000	3601000	凄いタコ足排泄みたいな状態になっている
3601000	3603000	これは確かに効果だなという感じですね
3607000	3609000	ただ今後の
3609000	3611000	半導体が
3611000	3613000	シリコン半導体がたどってきた歴史から
3613000	3615000	考えると
3615000	3617000	これは本当に基礎の基礎なんで
3617000	3619000	これを集積回路として
3619000	3621000	取り扱えるようになれば
3621000	3623000	手のひらに量子コンピューターが載せられそうな
3623000	3625000	構造になるかもしれません
3625000	3627000	これは本当に集積回路として
3627000	3629000	取り扱えるようになれば
3629000	3631000	手のひらに量子コンピューターが載せられそうな
3631000	3633000	雰囲気があるというのは
3633000	3635000	確かに分かる話なので
3637000	3639000	まずは現状の
3639000	3641000	64量子ビット
3641000	3643000	これもかなり大規模なので
3643000	3645000	現状の
3645000	3647000	世界の実績からしても
3647000	3649000	これを取り扱えるようになって
3649000	3651000	どんどん研究が進めていくといいな
3651000	3653000	と思っています
3653000	3655000	そうですね
3655000	3657000	その通りですね
3657000	3659000	以前紹介したポケット量子コンピューターみたいな話だと
3659000	3661000	1量子ビットとか2量子ビットくらいしか
3661000	3663000	確かなかったと思うので
3663000	3665000	それと考えると
3665000	3667000	だいぶ大規模ですね
3667000	3669000	量子ビットが1増えるごとに
3669000	3671000	どれくらいその計算量が変わるんですか
3671000	3673000	って言われると
3673000	3675000	パッと数値化できないんですけど
3675000	3677000	だいたい何倍くらいでしたっけ
3679000	3681000	1量子ビットなんで
3681000	3683000	2のn乗のnが増えていくと
3683000	3685000	思ってもらえればいいと思います
3687000	3689000	なんですけども
3689000	3691000	問題は
3691000	3693000	計算完了するまで
3693000	3695000	量子状態を保持しないといけないので
3695000	3697000	量子ビットが増えていくと
3699000	3701000	システムが安定稼働させる
3701000	3703000	何度も2のn乗で増えていく
3705000	3707000	というところがありますので
3707000	3709000	10倍にする
3709000	3711000	だってめちゃくちゃ難易度ですよ
3711000	3713000	という状態が現状ですね
3717000	3719000	今回はそれをさらに
3719000	3721000	キンキンに冷やした状態も維持しないといけないし
3721000	3723000	ということで
3723000	3725000	あらゆる意味ですごく
3725000	3727000	デリケートなコンピューターになっている
3727000	3729000	という状態ですかね
3731000	3733000	でもまじで
3733000	3735000	国内にやるのはいいことだと思うので
3735000	3737000	ガンガン研究してもらいたいですね
3737000	3739000	そうですね
3739000	3741000	まだAI以上に
3741000	3743000	量子コンピューターの計算によって
3743000	3745000	一体何ができるようになるのか
3745000	3747000	というのは
3747000	3749000	誰も答えを持っていない世界なので
3749000	3751000	ぜひぜひ
3751000	3753000	そうですね
3753000	3755000	現状わかっているのは
3755000	3757000	現状の
3757000	3759000	RSAとかの
3759000	3761000	信頼性を発揮できるということぐらい
3761000	3763000	そう
3765000	3767000	使っていけば
3767000	3769000	いろいろ
3769000	3771000	本当に有用性も出てくるでしょうから
3771000	3773000	頑張ってほしいと思います
3777000	3779000	では次
3779000	3781000	私の方から6本目の記事の紹介です
3783000	3785000	PCでAndroidゲームが楽しめる
3785000	3787000	Googleプレイゲームスが
3787000	3789000	日本上陸ベータテストが開始という
3789000	3791000	窓の森さんの
3791000	3793000	タイトルの記事です
3793000	3795000	米Googleは4月19日
3795000	3797000	PC版Googleプレイゲームスを
3797000	3799000	ベータ版として日本でもリリースした
3799000	3801000	PC版Googleプレイゲームスは
3801000	3803000	Googleプレイで
3803000	3805000	提供中のAndroidゲームを
3805000	3807000	Windows環境でもプレイできるようにした
3807000	3809000	システム
3809000	3811000	すでに米国などで公開されていたが
3811000	3813000	ようやく日本でも利用できるようになった
3813000	3815000	Googleプレイゲームスでは
3815000	3817000	ドラゴンボールレジェンズや原神など
3817000	3819000	国内でも人気を博しているモバイルゲームが
3819000	3821000	プレイ可能
3821000	3823000	今回のリリースに合わせて
3823000	3825000	モモスブ、プリティダービー、FFBE
3825000	3827000	幻影戦争
3827000	3829000	ウィークオレ、三国志、ハードなど
3829000	3831000	国内でも評価の高いデベロッパーや
3831000	3833000	パブリッシャーによるタイトルを
3833000	3835000	追加するなど
3835000	3837000	ラインナップの充実を図っている
3837000	3839000	さらに
3839000	3841000	より多くのプレイヤーに楽しんでもらえるよう
3841000	3843000	最小システム要件の引き下げも行っていること
3843000	3847000	シプティジー現在の最小システム要件は
3847000	3849000	以下の通りとなっている
3849000	3851000	まあざっと言うと
3851000	3853000	OSがWindows10のバージョン2004
3853000	3855000	ストレージ10GB
3855000	3857000	SSDメモリ8GB RAM
3857000	3859000	グラフィックインテルUHD
3859000	3861000	なので何でもいいです
3861000	3863000	プロセッサー
3863000	3865000	4コアCPU
3865000	3867000	10世代以降の
3867000	3869000	IKなら何でもいいかな
3869000	3871000	その他の要件
3871000	3873000	Windowsの管理者アカウント
3873000	3875000	ハードウェア仮想化の有効化
3875000	3877000	利用の際は
3877000	3879000	個人のGoogleアカウントが必要で
3879000	3881000	18世代以上になければならないので
3881000	3883000	注意されたしということで
3885000	3887000	PC上でアンドロイドゲームをやるって
3887000	3889000	結構エミュレーターが
3891000	3893000	今までもあったんですけども
3893000	3895000	今回Googleさんが
3895000	3897000	公式のものを出してくれましたよと
3897000	3899000	いうことです
3899000	3901000	Googleさんが出しているので
3901000	3903000	ある意味お墨付き
3903000	3905000	ということで
3905000	3907000	一番安定度が高いのかもしれない
3907000	3909000	ちょっとやってみないと分からないですけど
3909000	3911000	というのと
3911000	3913000	ある意味ネイティブなので
3913000	3915000	ナミの
3915000	3917000	エミュレーターよりは
3917000	3919000	軽そうな気がしているなという
3919000	3921000	印象
3921000	3923000	かなというところが
3923000	3925000	期待ですと
3925000	3927000	問題は
3927000	3929000	リリースの
3929000	3931000	タイトルが書いてありましたけど
3931000	3933000	ということは全てのゲームができるわけではない
3933000	3935000	というところが問題だと思うので
3935000	3937000	エミュレーターじゃないと
3937000	3939000	リリースしてくれないゲームとかがあると
3939000	3941000	ちょっと悲しいかなと
3941000	3943000	いうところです
3947000	3949000	Amazonアップストアさんは
3949000	3951000	ご隣住なされたということで
3951000	3953000	そうなんですか
3953000	3955000	実際には
3955000	3957000	ご隣住してないですよ
3957000	3959000	実際の体験の差が
3959000	3961000	ひどいので
3961000	3963000	絶対食われるでしょうね
3963000	3965000	これ私実際
3965000	3967000	入れて試してみたんですけど
3971000	3973000	比較対象が
3973000	3975000	Amazonアップストアになるんですが
3975000	3977000	起動は早い
3977000	3979000	かなり早いです
3979000	3981000	ストアページに行くのも一瞬ですし
3981000	3983000	検索するのも
3983000	3985000	簡単ですし
3985000	3987000	アプリのインストールと
3987000	3989000	インストール後に
3989000	3991000	起動する速度も
3991000	3993000	かなり早くて
3993000	3995000	体験としては
3995000	3997000	スマホのアップストアを
3997000	3999000	PCのウィンドウで見ているくらいの
3999000	4001000	速度の体験があります
4001000	4003000	実際
4003000	4005000	プレイしたゲームは
4005000	4007000	アークナイツとかなんですけれども
4007000	4009000	それくらい大容量の
4009000	4011000	高解像度なゲームでも
4011000	4013000	かなりサクサクと動く
4013000	4015000	状態だったので
4015000	4017000	PCのスペックが
4017000	4019000	それなりに高いというのはもちろんあるんでしょうけど
4019000	4021000	それにしても違和感なく
4021000	4023000	プレイできたので
4023000	4025000	その辺はかなり優秀かなという
4025000	4027000	ところです
4027000	4029000	一点ちょっと面倒くさいところでいうと
4029000	4031000	フルスクリーンオンリーです
4031000	4033000	ゲームが
4033000	4035000	なので
4035000	4037000	マルチディスプレイとかにしてないと
4037000	4039000	めんどくさいかなという
4039000	4041000	ところはあります
4041000	4043000	あとは
4043000	4045000	それくらい
4045000	4047000	ハイスペックが求められる
4047000	4049000	アプリが
4049000	4051000	公開されてはいるんですけど
4051000	4053000	この
4053000	4055000	代表例であるうまむすめは
4055000	4057000	ともかくとして
4057000	4059000	原神とかはそれこそ
4059000	4061000	PC版があったりもするんで
4061000	4063000	なかなか住み分けが
4063000	4065000	難しいなというのと
4065000	4067000	アプリストアに公開されている
4067000	4069000	ゲームの種類はものすごく
4069000	4071000	少ないです
4071000	4073000	数だけで言ったら
4073000	4075000	Amazonプレイストアより
4075000	4077000	若干少ないかもしれない
4077000	4079000	ところになっているので
4079000	4081000	これからのアップデートに
4081000	4083000	期待というところなんですけど
4083000	4085000	アップデートに期待しているまでに
4085000	4087000	人がつくのかと言われる
4087000	4089000	ところがちょっと怪異的かな
4089000	4091000	という感じ
4091000	4093000	そうですね
4093000	4095000	えーっと
4095000	4097000	で
4097000	4099000	Amazonのやつは
4099000	4101000	五輪獣かもしれないですけど
4101000	4103000	どうですかね
4103000	4105000	韓国系の
4105000	4107000	ノックスでしたっけ
4107000	4109000	ノックスプレイヤーとかの
4109000	4111000	アミュレーターなんですけど完全に
4111000	4113000	そっちと比べて
4113000	4115000	どうかなというところが難しいところで
4115000	4117000	タイトルが増えていくと
4117000	4119000	やっぱり軽いというのはネイティブなので
4119000	4121000	あるかな
4121000	4123000	それはもう間違いなく
4123000	4125000	あとクラッシュもしにくいと思います
4125000	4127000	あー確かにね
4127000	4129000	無理してるからね
4131000	4133000	なるほど
4133000	4135000	そこら辺も含めて
4135000	4137000	対応タイトルが増えていくと
4137000	4139000	嬉しいなというところですけど
4139000	4141000	タイトル
4141000	4143000	対応タイトルを厳選しているというのは
4143000	4145000	ある意味で誠実なのかもしれないですけどね
4147000	4149000	エミュレーターとかは結局
4149000	4151000	動くだろうで出してて
4151000	4153000	それが限界ではあるんですけど実際のところ
4153000	4155000	なんでクラッシュするとか
4155000	4157000	がありますけど
4157000	4159000	逆にGoogleプレイゲームスさんは
4159000	4161000	出してるってことは動きますって
4161000	4163000	自信を持って出してるわけで
4163000	4165000	万が一落ちても
4165000	4167000	対応してくれるでしょうし
4167000	4169000	そこら辺含めて
4169000	4171000	良いのかなという気がしますね
4171000	4173000	でフルスクリーンにしか
4173000	4175000	できないのは
4175000	4179000	ちょっとなんですかね
4179000	4181000	パソコンのスペックを
4181000	4183000	持ってる使用者にとっては
4183000	4185000	微妙だなという感じはありますけど
4185000	4187000	ここら辺
4187000	4189000	多分さっきの記事紹介でも
4189000	4191000	あったシステムの
4191000	4193000	最小要件
4193000	4195000	とかを
4195000	4197000	気にしてるんでしょう
4197000	4199000	という感じで
4199000	4205000	なんというのかな
4205000	4207000	Googleプレイゲームスの
4207000	4209000	対象
4209000	4211000	顧客はあまり
4211000	4213000	PCに詳しくなくて
4213000	4215000	Windowsタブレットとかを
4215000	4217000	持ってるみたいな感じなのかもしれない
4217000	4219000	というところですね
4219000	4223000	それはあると思いますね
4223000	4225000	あとは
4225000	4227000	レンダリング周りのクラッシュ防止でしょうね
4227000	4229000	なるほどね
4229000	4231000	Windowsのリサイズって
4231000	4233000	リレンダリングが走りまくるので
4233000	4235000	確かに
4235000	4237000	それWindows用やってるな
4237000	4239000	と思いますよね
4239000	4241000	本当にね
4241000	4243000	だから
4243000	4245000	相性悪いんでしょうね
4245000	4247000	Androidって
4247000	4249000	サイズ変更による
4249000	4251000	リレンダリングイベントって
4251000	4253000	存在しないから
4253000	4255000	アプリ側が対応してないので当然
4255000	4257000	そうですね
4257000	4259000	そこら辺も含めて
4263000	4265000	使い勝手は
4265000	4267000	良さそうではあるので
4267000	4269000	ちょっと後で触ってみたいなと
4269000	4271000	全然プレイ感は良いですよ
4271000	4273000	サクサクだし
4273000	4275000	今後の期待として
4275000	4277000	もう1個求めるところで言うと
4277000	4279000	他プレイヤーとの
4279000	4281000	リアルタイム同期ですね
4281000	4283000	先ほどのNOXとか
4283000	4285000	ブルーなんちゃら
4285000	4287000	忘れたけど
4287000	4289000	ブルーサックか
4289000	4291000	やってる時によくあるのが
4291000	4293000	シミュレーザー上で
4293000	4295000	他のプレイヤーと
4295000	4297000	同期しないといけないゲームの
4297000	4299000	同期ズレによる
4299000	4301000	切断
4301000	4303000	でちょっと部屋建て直したり
4303000	4305000	みたいなケースって結構多くて
4305000	4307000	なるほどね
4307000	4309000	その辺が
4309000	4311000	ネイティブらしく解決されて
4311000	4313000	サクサク動くとより良いな
4313000	4315000	と思いました
4315000	4317000	確かにそうですよね
4317000	4319000	アンドロイド
4319000	4321000	ゲームとして動くので
4321000	4323000	アンドロイドゲーム内での
4323000	4325000	同期というか
4325000	4327000	サーバー
4327000	4329000	接続はアンドロイド用
4329000	4331000	なのでしょうし
4331000	4333000	そこでPCとはサーバーが違うから
4333000	4335000	遊べませんってことがないっていうのは
4335000	4337000	かなりアドな気がしますね
4337000	4341000	そうですね
4341000	4343000	そう考えるとあれですね
4343000	4345000	あの
4345000	4347000	馬の娘さんは確か
4347000	4349000	DMMGAMESさんが
4349000	4351000	PC版を出してたと思いますけど
4351000	4353000	あそこら辺が本当に
4353000	4355000	食われちゃいそうですね
4355000	4357000	確かにね
4357000	4359000	あれもどうやって動いてたのかちょっと
4359000	4361000	触ってないのでわからないですけど
4361000	4363000	ブラウザゲーと言われるものは
4363000	4365000	かなり死滅していくんじゃないですかね
4365000	4367000	ブラウザで
4367000	4369000	公開するメリットが
4369000	4371000	マルチプラットフォームでしたけど
4371000	4373000	こんなのが出てくると
4373000	4375000	マルチプラットフォーム対応する価値がない
4375000	4377000	確かに
4377000	4379000	ネイティブで動かしたほうが絶対軽いし
4379000	4381000	そう
4381000	4383000	アンドロイドアプリとして頑張って作って
4383000	4385000	Googleさんがいろんなプラットフォームに
4385000	4387000	提供してくれてるからそれに乗っかるが
4387000	4389000	ベストですね
4389000	4391000	確かにね
4391000	4393000	まあ残るはあとはハードウェア的に
4393000	4395000	マッキン投手系が
4395000	4397000	どうするか
4397000	4399000	感じぐらいでしょうね
4399000	4401000	そうですね
4401000	4403000	そこの戦争は
4403000	4405000	逆に終わらないというか
4405000	4407000	終わったら競争的に
4407000	4409000	まずいから
4409000	4411000	そうですね
4411000	4413000	Googleはけを取ってしまう
4415000	4417000	面白いですよね
4417000	4419000	本当にAI関係で
4419000	4421000	一歩遅れつつも
4421000	4423000	こういう部分で
4423000	4425000	またGoogleさんが
4425000	4427000	独り勝ちそうなものが出てきてたり
4427000	4429000	というところはちょっと面白いので
4429000	4431000	今年は結構
4431000	4433000	IT業界の
4433000	4435000	メガテック関係の
4435000	4437000	司列の争いが楽しそうですよね
4437000	4439000	そうですね
4439000	4441000	なんかここら辺
4441000	4443000	なんかAppleも
4443000	4445000	ゲームやるやる言ってて
4445000	4447000	焼肌農業やってる感じがするので
4447000	4449000	そこら辺を
4449000	4451000	Googleさんが
4451000	4453000	担保してくれるなら
4453000	4455000	ゲームチェンジャーになりそうな気もするので
4455000	4457000	いいと思います
4457000	4459000	このAIとか
4459000	4461000	こういう話に対して今のところ
4461000	4463000	Appleさん正観の構えで
4463000	4465000	確かに
4465000	4467000	後ろに控えてるのかもしれないけど
4469000	4471000	Appleのニュースないですね
4471000	4473000	Appleの
4473000	4475000	発表会でやる
4475000	4477000	予定なのかもしれないですけど
4477000	4479000	やらんとね
4479000	4481000	っていう感じが
4481000	4483000	ありますけどね
4483000	4485000	Appleのイベント
4485000	4487000	いつでしたっけ
4487000	4489000	毎年
4489000	4491000	秋くらいにやってましたっけ
4493000	4495000	AWSとGoogleのイベントと混ざってて
4495000	4497000	いつか全然わからないけど
4501000	4503000	23年6月上旬に予定してる
4503000	4505000	WWDCか
4505000	4507000	すぐじゃん
4509000	4511000	そこで出す気がするな
4511000	4513000	そこで出さなかったら
4513000	4515000	逆にだいぶ
4515000	4517000	どうしたってなるな
4519000	4521000	もうAI関係も
4521000	4523000	こういうゲーム関係も出さずに
4523000	4525000	っていくんだったら
4525000	4527000	ヘルスケアに
4527000	4529000	がんよりしていくっていう可能性もありますけど
4531000	4533000	わかんないですね
4533000	4535000	Appleとしてはもったいなくない
4535000	4537000	と思うから
4537000	4539000	ガイダーとしては覚えますけど
4539000	4541000	Appleさんの考えはわからんので
4541000	4543000	そうですね
4545000	4547000	正直Appleさんが提供してきた
4547000	4549000	UX
4549000	4551000	Appleさんの売りにしてるUXは
4551000	4553000	もう本当に
4553000	4555000	人が考えた人のための
4555000	4557000	UXの洗練されたスタイルだから
4559000	4561000	なんかChatGPTのような
4561000	4563000	8割でいいっしょ
4563000	4565000	6割でいいっしょっていう世界観と
4565000	4567000	マッチしないのはわかるんで
4567000	4569000	どう出してくるかはちょっと見物だな
4569000	4571000	と思いますね
4571000	4573000	確かにね
4573000	4575000	Apple Watchの時みたいに
4575000	4577000	オフラインで駆動します
4577000	4579000	っていうのとか
4581000	4583000	そういう系はつけてきそうな
4583000	4585000	気はしますけど
4585000	4587000	精度に関してはオフラインにしてしまうと
4587000	4589000	多分ガバるんで余計
4589000	4591000	そこら辺どうするのかね
4591000	4593000	ってとこですね
4595000	4597000	一番大人しいのがSiriに乗せるとか
4597000	4599000	かな
4599000	4601000	まあまあそうですねSiriの拡張は全然
4601000	4603000	あると思いますね
4603000	4605000	ちょっとBingと被っちゃうんで
4605000	4607000	それも見当たらしさがないかもですし
4607000	4609000	そうですね
4609000	4611000	パーソナライズ
4611000	4613000	系はもうちょっと
4613000	4615000	やるかもしれないなと思ってて
4615000	4617000	Appleさんって
4617000	4619000	UXを上げる上で
4619000	4621000	セキュリティをガン上げしつつ
4621000	4623000	その人個人の情報を
4623000	4625000	割と収集して
4625000	4627000	返してあげる
4627000	4629000	Apple Watchの生態情報もそうですけど
4629000	4631000	っていうところを意識されてるから
4631000	4633000	そこから言える
4635000	4637000	ユーザーに届ける情報って何だろう
4637000	4639000	っていう突き詰めはやってるかもな
4639000	4641000	と思いますかね
4641000	4643000	そうですね
4643000	4645000	そこら辺
4645000	4647000	うーん
4647000	4649000	やっぱりSiriくらいかな
4649000	4651000	そこら辺で何か面白い
4651000	4653000	アプリケーション
4653000	4655000	提供してくれると
4655000	4657000	面白いですね
4657000	4659000	はい
4659000	4661000	今日はこんなところですかね
4661000	4663000	はい
4663000	4665000	本日の内容はショートでまとめていますので
4665000	4667000	ご確認ください
4667000	4669000	レカログではご意見ご合わせはこんなことをお話ししよう
4669000	4671000	お知り合いの方もお待ちしています
4671000	4673000	メールアドレスは
4673000	4675000	Twitterもやってますので
4675000	4677000	フォロワーやダイレクトメッセージもお待ちしています
4677000	4679000	本番組はPodcast Spotify YouTubeライブで
4679000	4681000	聞くことができます
4681000	4683000	ぜひ視聴者でもサブスクライブよろしくお願いいたします
4683000	4685000	はいじゃあお疲れ様でした
4685000	4705000	はいお疲れさんでした
